Designator,Val,Package,Mid X,Mid Y,Rotation,Layer
C1,10u,C_0805_2012Metric,470,-130.20625,180,bottom
C2,100n,C_0805_2012Metric,489.25,-119.75,0,bottom
C3,100n,C_0805_2012Metric,470,-119.75,180,bottom
C4,100n,C_0805_2012Metric,470,-128,180,bottom
C5,100n,C_0805_2012Metric,474.75,-114.25,90,bottom
C6,100n,C_0805_2012Metric,483.25,-133,-90,bottom
C7,18pF,C_0805_2012Metric,489.25,-124.5,180,bottom
C8,18pF,C_0805_2012Metric,489.25,-122.25,180,bottom
C9,100n,C_0805_2012Metric,442,-116.75,90,bottom
C10,100n,C_0805_2012Metric,439.5,-116.75,90,bottom
C11,1u,C_0805_2012Metric,480.5,-114.25,90,bottom
C12,100n,C_0805_2012Metric,418.49188,-124.107352,90,bottom
C13,10u,C_1210_3225Metric,456.5,-110.5,-90,bottom
C14,100n,C_0805_2012Metric,399.46388,-124.105352,90,bottom
C15,100n,C_0805_2012Metric,380.39188,-124.107352,90,bottom
C16,100n,C_0805_2012Metric,356.59208,-124.122552,90,bottom
C17,100n,C_0805_2012Metric,337.54208,-124.122552,90,bottom
C18,100n,C_0805_2012Metric,318.49208,-124.122552,90,bottom
C19,100n,C_0805_2012Metric,299.44208,-124.122552,90,bottom
C20,100n,C_0805_2012Metric,270.86708,-124.122552,90,bottom
C21,100n,C_0805_2012Metric,251.81708,-124.122552,90,bottom
C22,100n,C_0805_2012Metric,232.76708,-124.122552,90,bottom
C23,100n,C_0805_2012Metric,213.71708,-124.122552,90,bottom
C24,100n,C_0805_2012Metric,185.14208,-124.122552,90,bottom
C25,100n,C_0805_2012Metric,166.09208,-124.122552,90,bottom
C26,100n,C_0805_2012Metric,147.04208,-124.122552,90,bottom
C27,100n,C_0805_2012Metric,127.99208,-124.122552,90,bottom
C28,10u,C_1210_3225Metric,144.75,-132.5,0,bottom
C29,100n,C_0805_2012Metric,89.89208,-124.122552,90,bottom
C30,100n,C_0805_2012Metric,89.892768,-152.697528,-90,bottom
C31,100n,C_0805_2012Metric,108.942768,-152.697528,-90,bottom
C32,100n,C_0805_2012Metric,127.992768,-152.697528,-90,bottom
C33,100n,C_0805_2012Metric,147.042768,-152.697528,-90,bottom
C34,100n,C_0805_2012Metric,166.092768,-152.697528,-90,bottom
C35,100n,C_0805_2012Metric,185.142768,-152.697528,-90,bottom
C36,100n,C_0805_2012Metric,204.192768,-152.697528,-90,bottom
C37,100n,C_0805_2012Metric,223.242768,-152.697528,-90,bottom
C38,100n,C_0805_2012Metric,242.292768,-152.697528,-90,bottom
C39,100n,C_0805_2012Metric,261.342768,-152.697528,-90,bottom
C40,100n,C_0805_2012Metric,280.392768,-152.697528,-90,bottom
C41,100n,C_0805_2012Metric,299.442768,-152.697528,-90,bottom
C42,100n,C_0805_2012Metric,318.492768,-152.697528,-90,bottom
C43,10u,C_1210_3225Metric,340,-148.75,180,bottom
C44,100n,C_0805_2012Metric,347.067768,-152.697528,-90,bottom
C45,100n,C_0805_2012Metric,380.404768,-152.697528,-90,bottom
C46,100n,C_0805_2012Metric,399.454768,-152.697528,-90,bottom
C47,100n,C_0805_2012Metric,418.504768,-152.697528,-90,bottom
C48,100n,C_0805_2012Metric,442.316768,-152.697528,-90,bottom
C49,100n,C_0805_2012Metric,461.366768,-152.697528,-90,bottom
C50,100n,C_0805_2012Metric,480.416768,-152.697528,-90,bottom
C51,100n,C_0805_2012Metric,499.466768,-152.697528,-90,bottom
C52,100n,C_0805_2012Metric,499.169112,-182.165472,90,bottom
C53,100n,C_0805_2012Metric,480.416368,-171.747512,90,bottom
C54,100n,C_0805_2012Metric,461.366368,-171.747512,90,bottom
C55,100n,C_0805_2012Metric,442.316368,-171.747512,90,bottom
C56,100n,C_0805_2012Metric,418.504368,-171.747512,90,bottom
C57,100n,C_0805_2012Metric,399.454368,-171.747512,90,bottom
C58,10u,C_1210_3225Metric,404.75,-183.05844,180,bottom
C59,100n,C_0805_2012Metric,380.404368,-171.747512,90,bottom
C60,100n,C_0805_2012Metric,328.016608,-171.747512,90,bottom
C61,100n,C_0805_2012Metric,308.966608,-171.747512,90,bottom
C62,100n,C_0805_2012Metric,289.916608,-171.747512,90,bottom
C63,100n,C_0805_2012Metric,270.866608,-171.747512,90,bottom
C64,100n,C_0805_2012Metric,251.816608,-171.747512,90,bottom
C65,100n,C_0805_2012Metric,232.766608,-171.747512,90,bottom
C66,100n,C_0805_2012Metric,213.716608,-171.747512,90,bottom
C67,100n,C_0805_2012Metric,194.666608,-171.747512,90,bottom
C68,100n,C_0805_2012Metric,175.616608,-171.747512,90,bottom
C69,100n,C_0805_2012Metric,156.566608,-171.747512,90,bottom
C70,100n,C_0805_2012Metric,137.516608,-171.747512,90,bottom
C71,100n,C_0805_2012Metric,118.466608,-171.747512,90,bottom
C72,100n,C_0805_2012Metric,94.654608,-171.747512,90,bottom
C73,10u,C_1210_3225Metric,89,-182,90,bottom
C74,100n,C_0805_2012Metric,97.035408,-190.797496,-90,bottom
C75,100n,C_0805_2012Metric,123.229408,-190.797496,-90,bottom
C76,100n,C_0805_2012Metric,142.279408,-190.797496,-90,bottom
C77,100n,C_0805_2012Metric,161.329408,-190.797496,-90,bottom
C78,100n,C_0805_2012Metric,180.379408,-190.797496,-90,bottom
C79,100n,C_0805_2012Metric,199.429408,-190.797496,-90,bottom
C80,100n,C_0805_2012Metric,218.479408,-190.797496,-90,bottom
C81,100n,C_0805_2012Metric,237.529408,-190.797496,-90,bottom
C82,100n,C_0805_2012Metric,256.579408,-190.797496,-90,bottom
C83,100n,C_0805_2012Metric,275.629408,-190.797496,-90,bottom
C84,100n,C_0805_2012Metric,294.679408,-190.797496,-90,bottom
C85,100n,C_0805_2012Metric,313.729408,-190.797496,-90,bottom
C86,100n,C_0805_2012Metric,332.779408,-190.797496,-90,bottom
C87,100n,C_0805_2012Metric,354.21064,-181.272504,-90,bottom
C88,10u,C_1210_3225Metric,503,-190,90,bottom
C89,100n,C_0805_2012Metric,442.316816,-190.797496,-90,bottom
C90,100n,C_0805_2012Metric,461.3668,-190.797496,-90,bottom
C91,100n,C_0805_2012Metric,480.416784,-190.797496,-90,bottom
C92,100n,C_0805_2012Metric,499.466768,-219.372472,90,bottom
C93,100n,C_0805_2012Metric,480.416784,-209.84748,90,bottom
C94,100n,C_0805_2012Metric,461.366784,-209.84748,90,bottom
C95,100n,C_0805_2012Metric,442.316784,-209.84748,90,bottom
C96,100n,C_0805_2012Metric,399.454784,-209.84748,90,bottom
C97,100n,C_0805_2012Metric,339.923784,-209.84748,90,bottom
C98,100n,C_0805_2012Metric,304.204784,-209.84748,90,bottom
C99,100n,C_0805_2012Metric,285.154784,-209.84748,90,bottom
C100,100n,C_0805_2012Metric,266.104784,-209.84748,90,bottom
C101,100n,C_0805_2012Metric,247.054784,-209.84748,90,bottom
C102,100n,C_0805_2012Metric,228.004784,-209.84748,90,bottom
C103,10u,C_1210_3225Metric,217,-219,0,bottom
C104,100n,C_0805_2012Metric,208.954784,-209.84748,90,bottom
C105,100n,C_0805_2012Metric,189.904784,-209.84748,90,bottom
C106,100n,C_0805_2012Metric,170.854784,-209.84748,90,bottom
C107,100n,C_0805_2012Metric,151.804784,-209.84748,90,bottom
C108,100n,C_0805_2012Metric,132.754784,-209.84748,90,bottom
C109,100n,C_0805_2012Metric,113.704784,-209.84748,90,bottom
C110,100n,C_0805_2012Metric,92.273784,-209.84748,90,bottom
C111,100n,C_0805_2012Metric,89.892112,-228.897464,-90,bottom
C112,100n,C_0805_2012Metric,111.323112,-228.897464,-90,bottom
C113,100n,C_0805_2012Metric,135.135112,-228.897464,-90,bottom
C114,100n,C_0805_2012Metric,158.947112,-228.897464,-90,bottom
C115,100n,C_0805_2012Metric,228.003112,-228.897464,-90,bottom
C116,100n,C_0805_2012Metric,294.678112,-228.897464,-90,bottom
C117,100n,C_0805_2012Metric,316.109112,-228.897464,-90,bottom
C118,10u,C_1210_3225Metric,328.612224,-202.108424,90,bottom
C119,100n,C_0805_2012Metric,337.540112,-228.897464,-90,bottom
C120,100n,C_0805_2012Metric,356.590112,-228.897464,-90,bottom
C121,100n,C_0805_2012Metric,380.402112,-228.897464,-90,bottom
C122,100n,C_0805_2012Metric,399.452112,-228.897464,-90,bottom
C123,100n,C_0805_2012Metric,418.502112,-228.897464,-90,bottom
C124,100n,C_0805_2012Metric,451.839112,-228.897464,-90,bottom
C125,100n,C_0805_2012Metric,480.414112,-228.897464,-90,bottom
D1,D_Small,D_SOD-123,103.584288,-119.955368,90,bottom
D2,D_Small,D_SOD-123,141.684288,-119.955368,90,bottom
D3,D_Small,D_SOD-123,160.734288,-119.955368,90,bottom
D4,D_Small,D_SOD-123,179.784288,-119.955368,90,bottom
D5,D_Small,D_SOD-123,198.834288,-119.955368,90,bottom
D6,D_Small,D_SOD-123,227.409288,-119.955368,90,bottom
D7,D_Small,D_SOD-123,246.459288,-119.955368,90,bottom
D8,D_Small,D_SOD-123,265.509288,-119.955368,90,bottom
D9,D_Small,D_SOD-123,284.559288,-119.955368,90,bottom
D10,D_Small,D_SOD-123,313.134288,-119.955368,90,bottom
D11,D_Small,D_SOD-123,332.184288,-119.955368,90,bottom
D12,D_Small,D_SOD-123,351.234288,-119.955368,90,bottom
D13,D_Small,D_SOD-123,370.284288,-119.955368,90,bottom
D14,D_Small,D_SOD-123,394.096788,-119.955368,90,bottom
D15,D_Small,D_SOD-123,413.146788,-119.955368,90,bottom
D16,D_Small,D_SOD-123,432.196788,-119.955368,90,bottom
D17,D_Small,D_SOD-123,103.584096,-148.530344,90,bottom
D18,D_Small,D_SOD-123,122.634096,-148.530344,90,bottom
D19,D_Small,D_SOD-123,141.684096,-148.530344,90,bottom
D20,D_Small,D_SOD-123,160.734096,-148.530344,90,bottom
D21,D_Small,D_SOD-123,179.784096,-148.530344,90,bottom
D22,D_Small,D_SOD-123,198.834096,-148.530344,90,bottom
D23,D_Small,D_SOD-123,217.884096,-148.530344,90,bottom
D24,D_Small,D_SOD-123,236.934096,-148.530344,90,bottom
D25,D_Small,D_SOD-123,255.984096,-148.530344,90,bottom
D26,D_Small,D_SOD-123,275.034096,-148.530344,90,bottom
D27,D_Small,D_SOD-123,294.084096,-148.530344,90,bottom
D28,D_Small,D_SOD-123,313.134096,-148.530344,90,bottom
D29,D_Small,D_SOD-123,332.184096,-148.530344,90,bottom
D30,D_Small,D_SOD-123,360.759072,-148.530344,90,bottom
D31,D_Small,D_SOD-123,394.096572,-148.530344,90,bottom
D32,D_Small,D_SOD-123,413.146572,-148.530344,90,bottom
D33,D_Small,D_SOD-123,432.196572,-148.530344,90,bottom
D34,D_Small,D_SOD-123,456.009072,-148.530344,90,bottom
D35,D_Small,D_SOD-123,475.059072,-148.530344,90,bottom
D36,D_Small,D_SOD-123,494.109072,-148.530344,90,bottom
D37,D_Small,D_SOD-123,513.159072,-148.530344,90,bottom
D38,D_Small,D_SOD-123,108.346784,-167.580328,90,bottom
D39,D_Small,D_SOD-123,132.159284,-167.580328,90,bottom
D40,D_Small,D_SOD-123,151.209284,-167.580328,90,bottom
D41,D_Small,D_SOD-123,170.259284,-167.580328,90,bottom
D42,D_Small,D_SOD-123,189.309284,-167.580328,90,bottom
D43,D_Small,D_SOD-123,208.359284,-167.580328,90,bottom
D44,D_Small,D_SOD-123,227.409284,-167.580328,90,bottom
D45,D_Small,D_SOD-123,246.459284,-167.580328,90,bottom
D46,D_Small,D_SOD-123,265.509284,-167.580328,90,bottom
D47,D_Small,D_SOD-123,284.559284,-167.580328,90,bottom
D48,D_Small,D_SOD-123,303.609284,-167.580328,90,bottom
D49,D_Small,D_SOD-123,322.659284,-167.580328,90,bottom
D50,D_Small,D_SOD-123,341.709284,-167.580328,90,bottom
D51,D_Small,D_SOD-123,367.902816,-177.10532,90,bottom
D52,D_Small,D_SOD-123,394.096544,-167.580328,90,bottom
D53,D_Small,D_SOD-123,413.146544,-167.580328,90,bottom
D54,D_Small,D_SOD-123,432.196544,-167.580328,90,bottom
D55,D_Small,D_SOD-123,456.009044,-167.580328,90,bottom
D56,D_Small,D_SOD-123,475.059044,-167.580328,90,bottom
D57,D_Small,D_SOD-123,494.109044,-167.580328,90,bottom
D58,D_Small,D_SOD-123,513.158944,-177.10532,90,bottom
D59,D_Small,D_SOD-123,110.727834,-186.630312,90,bottom
D60,D_Small,D_SOD-123,136.921584,-186.630312,90,bottom
D61,D_Small,D_SOD-123,155.971584,-186.630312,90,bottom
D62,D_Small,D_SOD-123,175.021584,-186.630312,90,bottom
D63,D_Small,D_SOD-123,194.071584,-186.630312,90,bottom
D64,D_Small,D_SOD-123,213.121584,-186.630312,90,bottom
D65,D_Small,D_SOD-123,232.171584,-186.630312,90,bottom
D66,D_Small,D_SOD-123,251.221584,-186.630312,90,bottom
D67,D_Small,D_SOD-123,270.271584,-186.630312,90,bottom
D68,D_Small,D_SOD-123,289.321584,-186.630312,90,bottom
D69,D_Small,D_SOD-123,308.371584,-186.630312,90,bottom
D70,D_Small,D_SOD-123,327.421584,-186.630312,90,bottom
D71,D_Small,D_SOD-123,346.471584,-186.630312,90,bottom
D72,D_Small,D_SOD-123,456.00896,-186.630312,90,bottom
D73,D_Small,D_SOD-123,475.05896,-186.630312,90,bottom
D74,D_Small,D_SOD-123,494.10896,-186.630312,90,bottom
D75,D_Small,D_SOD-123,105.965328,-205.680296,90,bottom
D76,D_Small,D_SOD-123,127.396578,-205.680296,90,bottom
D77,D_Small,D_SOD-123,146.446578,-205.680296,90,bottom
D78,D_Small,D_SOD-123,165.496578,-205.680296,90,bottom
D79,D_Small,D_SOD-123,184.546578,-205.680296,90,bottom
D80,D_Small,D_SOD-123,203.596578,-205.680296,90,bottom
D81,D_Small,D_SOD-123,222.646578,-205.680296,90,bottom
D82,D_Small,D_SOD-123,241.696578,-205.680296,90,bottom
D83,D_Small,D_SOD-123,260.746578,-205.680296,90,bottom
D84,D_Small,D_SOD-123,279.796578,-205.680296,90,bottom
D85,D_Small,D_SOD-123,298.846578,-205.680296,90,bottom
D86,D_Small,D_SOD-123,317.896578,-205.680296,90,bottom
D87,D_Small,D_SOD-123,353.615328,-205.680296,90,bottom
D88,D_Small,D_SOD-123,413.14646,-205.680296,90,bottom
D89,D_Small,D_SOD-123,456.00896,-205.680296,90,bottom
D90,D_Small,D_SOD-123,475.05896,-205.680296,90,bottom
D91,D_Small,D_SOD-123,494.10896,-205.680296,90,bottom
D92,D_Small,D_SOD-123,513.158944,-215.205288,90,bottom
D93,D_Small,D_SOD-123,103.58396,-224.73028,90,bottom
D94,D_Small,D_SOD-123,125.01521,-224.73028,90,bottom
D95,D_Small,D_SOD-123,148.82771,-224.73028,90,bottom
D96,D_Small,D_SOD-123,172.64021,-224.73028,90,bottom
D97,D_Small,D_SOD-123,241.69646,-224.73028,90,bottom
D98,D_Small,D_SOD-123,308.37146,-224.73028,90,bottom
D99,D_Small,D_SOD-123,329.80271,-224.73028,90,bottom
D100,D_Small,D_SOD-123,351.23396,-224.73028,90,bottom
D101,D_Small,D_SOD-123,370.28396,-224.73028,90,bottom
D102,D_Small,D_SOD-123,394.09646,-224.73028,90,bottom
D103,D_Small,D_SOD-123,413.14646,-224.73028,90,bottom
D104,D_Small,D_SOD-123,432.19646,-224.73028,90,bottom
D105,D_Small,D_SOD-123,465.53396,-224.73028,90,bottom
D106,D_Small,D_SOD-123,494.10896,-224.73028,90,bottom
FB1,500m,R_0805_2012Metric,440.75,-119.75,180,bottom
J1,AVR-ISP-6,PinHeader_2x03_P2.54mm_Vertical,494.225,-110.475,-90,bottom
J2,USB_C_Receptacle_USB2.0,USB_C_Receptacle_HRO_TYPE-C-31-M-12,446.245,-108.48,0,bottom
R1,10k,R_0603_1608Metric,489.25,-117.75,180,bottom
R2,22,R_0603_1608Metric,476.75,-114.25,-90,bottom
R3,10k,R_0603_1608Metric,475.5,-132.75,-90,bottom
R4,22,R_0603_1608Metric,478.25,-114.25,-90,bottom
R5,5k1,R_0603_1608Metric,453.25,-110.5,90,bottom
R6,5k1,R_0603_1608Metric,439.25,-110.5725,90,bottom
SW999,SW_Push,SW_SPST_SKQG_WithStem,500.5,-125.5,90,bottom
U1,ATmega32U4-AU,TQFP-44_10x10mm_P0.8mm,479.5,-123.75,180,bottom
U2,USBLC6-2SC6,SOT-23-6,446.75,-116.6975,90,bottom
U3,SK6812MINI,SK6812-MINI-E,423.849672,-124.107352,0,bottom
U4,SK6812MINI,SK6812-MINI-E,404.821672,-124.105352,0,bottom
U5,SK6812MINI,SK6812-MINI-E,385.749672,-124.107352,0,bottom
U6,SK6812MINI,SK6812-MINI-E,361.949872,-124.122552,0,bottom
U7,SK6812MINI,SK6812-MINI-E,342.899872,-124.122552,0,bottom
U8,SK6812MINI,SK6812-MINI-E,323.849872,-124.122552,0,bottom
U9,SK6812MINI,SK6812-MINI-E,304.799872,-124.122552,0,bottom
U10,SK6812MINI,SK6812-MINI-E,276.224872,-124.122552,0,bottom
U11,SK6812MINI,SK6812-MINI-E,257.174872,-124.122552,0,bottom
U12,SK6812MINI,SK6812-MINI-E,238.124872,-124.122552,0,bottom
U13,SK6812MINI,SK6812-MINI-E,219.074872,-124.122552,0,bottom
U14,SK6812MINI,SK6812-MINI-E,190.499872,-124.122552,0,bottom
U15,SK6812MINI,SK6812-MINI-E,171.449872,-124.122552,0,bottom
U16,SK6812MINI,SK6812-MINI-E,152.399872,-124.122552,0,bottom
U17,SK6812MINI,SK6812-MINI-E,133.349888,-124.122552,0,bottom
U18,SK6812MINI,SK6812-MINI-E,95.24992,-124.122552,0,bottom
U19,SK6812MINI,SK6812-MINI-E,95.250576,-152.697528,180,bottom
U20,SK6812MINI,SK6812-MINI-E,114.300576,-152.697528,180,bottom
U21,SK6812MINI,SK6812-MINI-E,133.350576,-152.697528,180,bottom
U22,SK6812MINI,SK6812-MINI-E,152.400576,-152.697528,180,bottom
U23,SK6812MINI,SK6812-MINI-E,171.450576,-152.697528,180,bottom
U24,SK6812MINI,SK6812-MINI-E,190.500576,-152.697528,180,bottom
U25,SK6812MINI,SK6812-MINI-E,209.550576,-152.697528,180,bottom
U26,SK6812MINI,SK6812-MINI-E,228.600576,-152.697528,180,bottom
U27,SK6812MINI,SK6812-MINI-E,247.650576,-152.697528,180,bottom
U28,SK6812MINI,SK6812-MINI-E,266.700576,-152.697528,180,bottom
U29,SK6812MINI,SK6812-MINI-E,285.750576,-152.697528,180,bottom
U30,SK6812MINI,SK6812-MINI-E,304.800576,-152.697528,180,bottom
U31,SK6812MINI,SK6812-MINI-E,323.850576,-152.697528,180,bottom
U32,SK6812MINI,SK6812-MINI-E,352.425576,-152.697528,180,bottom
U33,SK6812MINI,SK6812-MINI-E,385.762576,-152.697528,180,bottom
U34,SK6812MINI,SK6812-MINI-E,404.812576,-152.697528,180,bottom
U35,SK6812MINI,SK6812-MINI-E,423.862576,-152.697528,180,bottom
U36,SK6812MINI,SK6812-MINI-E,447.674576,-152.697528,180,bottom
U37,SK6812MINI,SK6812-MINI-E,466.724576,-152.697528,180,bottom
U38,SK6812MINI,SK6812-MINI-E,485.774576,-152.697528,180,bottom
U39,SK6812MINI,SK6812-MINI-E,504.824576,-152.697528,180,bottom
U40,SK6812MINI,SK6812-MINI-E,504.7392,-182.2502,0,bottom
U41,SK6812MINI,SK6812-MINI-E,485.774592,-171.747512,0,bottom
U42,SK6812MINI,SK6812-MINI-E,466.724592,-171.747512,0,bottom
U43,SK6812MINI,SK6812-MINI-E,447.674592,-171.747512,0,bottom
U44,SK6812MINI,SK6812-MINI-E,423.862592,-171.747512,0,bottom
U45,SK6812MINI,SK6812-MINI-E,404.812592,-171.747512,0,bottom
U46,SK6812MINI,SK6812-MINI-E,385.762592,-171.747512,0,bottom
U47,SK6812MINI,SK6812-MINI-E,333.37472,-171.747512,0,bottom
U48,SK6812MINI,SK6812-MINI-E,314.32472,-171.747512,0,bottom
U49,SK6812MINI,SK6812-MINI-E,295.27472,-171.747512,0,bottom
U50,SK6812MINI,SK6812-MINI-E,276.22472,-171.747512,0,bottom
U51,SK6812MINI,SK6812-MINI-E,257.17472,-171.747512,0,bottom
U52,SK6812MINI,SK6812-MINI-E,238.12472,-171.747512,0,bottom
U53,SK6812MINI,SK6812-MINI-E,219.07472,-171.747512,0,bottom
U54,SK6812MINI,SK6812-MINI-E,200.02472,-171.747512,0,bottom
U55,SK6812MINI,SK6812-MINI-E,180.97472,-171.747512,0,bottom
U56,SK6812MINI,SK6812-MINI-E,161.92472,-171.747512,0,bottom
U57,SK6812MINI,SK6812-MINI-E,142.87472,-171.747512,0,bottom
U58,SK6812MINI,SK6812-MINI-E,123.82472,-171.747512,0,bottom
U59,SK6812MINI,SK6812-MINI-E,100.01272,-171.747512,0,bottom
U60,SK6812MINI,SK6812-MINI-E,102.393216,-190.797496,180,bottom
U61,SK6812MINI,SK6812-MINI-E,128.587216,-190.797496,180,bottom
U62,SK6812MINI,SK6812-MINI-E,147.637216,-190.797496,180,bottom
U63,SK6812MINI,SK6812-MINI-E,166.687216,-190.797496,180,bottom
U64,SK6812MINI,SK6812-MINI-E,185.737216,-190.797496,180,bottom
U65,SK6812MINI,SK6812-MINI-E,204.787216,-190.797496,180,bottom
U66,SK6812MINI,SK6812-MINI-E,223.837216,-190.797496,180,bottom
U67,SK6812MINI,SK6812-MINI-E,242.887216,-190.797496,180,bottom
U68,SK6812MINI,SK6812-MINI-E,261.937216,-190.797496,180,bottom
U69,SK6812MINI,SK6812-MINI-E,280.987216,-190.797496,180,bottom
U70,SK6812MINI,SK6812-MINI-E,300.037216,-190.797496,180,bottom
U71,SK6812MINI,SK6812-MINI-E,319.087216,-190.797496,180,bottom
U72,SK6812MINI,SK6812-MINI-E,338.137216,-190.797496,180,bottom
U73,SK6812MINI,SK6812-MINI-E,359.568448,-181.272504,180,bottom
U74,SK6812MINI,SK6812-MINI-E,447.674624,-190.797496,180,bottom
U75,SK6812MINI,SK6812-MINI-E,466.724608,-190.797496,180,bottom
U76,SK6812MINI,SK6812-MINI-E,485.774592,-190.797496,180,bottom
U77,SK6812MINI,SK6812-MINI-E,504.824576,-219.372472,0,bottom
U78,SK6812MINI,SK6812-MINI-E,485.774592,-209.84748,0,bottom
U79,SK6812MINI,SK6812-MINI-E,466.724592,-209.84748,0,bottom
U80,SK6812MINI,SK6812-MINI-E,447.674592,-209.84748,0,bottom
U81,SK6812MINI,SK6812-MINI-E,404.812592,-209.84748,0,bottom
U82,SK6812MINI,SK6812-MINI-E,345.281592,-209.84748,0,bottom
U83,SK6812MINI,SK6812-MINI-E,309.562592,-209.84748,0,bottom
U84,SK6812MINI,SK6812-MINI-E,290.512592,-209.84748,0,bottom
U85,SK6812MINI,SK6812-MINI-E,271.462592,-209.84748,0,bottom
U86,SK6812MINI,SK6812-MINI-E,252.412592,-209.84748,0,bottom
U87,SK6812MINI,SK6812-MINI-E,233.362592,-209.84748,0,bottom
U88,SK6812MINI,SK6812-MINI-E,214.312592,-209.84748,0,bottom
U89,SK6812MINI,SK6812-MINI-E,195.262592,-209.84748,0,bottom
U90,SK6812MINI,SK6812-MINI-E,176.212592,-209.84748,0,bottom
U91,SK6812MINI,SK6812-MINI-E,157.162592,-209.84748,0,bottom
U92,SK6812MINI,SK6812-MINI-E,138.112592,-209.84748,0,bottom
U93,SK6812MINI,SK6812-MINI-E,119.062592,-209.84748,0,bottom
U94,SK6812MINI,SK6812-MINI-E,97.631592,-209.84748,0,bottom
U95,SK6812MINI,SK6812-MINI-E,95.252592,-228.897464,180,bottom
U96,SK6812MINI,SK6812-MINI-E,116.683592,-228.897464,180,bottom
U97,SK6812MINI,SK6812-MINI-E,140.495592,-228.897464,180,bottom
U98,SK6812MINI,SK6812-MINI-E,164.307592,-228.897464,180,bottom
U99,SK6812MINI,SK6812-MINI-E,233.363592,-228.897464,180,bottom
U100,SK6812MINI,SK6812-MINI-E,300.038592,-228.897464,180,bottom
U101,SK6812MINI,SK6812-MINI-E,321.469592,-228.897464,180,bottom
U102,SK6812MINI,SK6812-MINI-E,342.900592,-228.897464,180,bottom
U103,SK6812MINI,SK6812-MINI-E,361.950592,-228.897464,180,bottom
U104,SK6812MINI,SK6812-MINI-E,385.762592,-228.897464,180,bottom
U105,SK6812MINI,SK6812-MINI-E,404.812592,-228.897464,180,bottom
U106,SK6812MINI,SK6812-MINI-E,423.862592,-228.897464,180,bottom
U107,SK6812MINI,SK6812-MINI-E,457.199592,-228.897464,180,bottom
U108,SK6812MINI,SK6812-MINI-E,485.774592,-228.897464,180,bottom
Y1,16MHz,Crystal_SMD_3225-4Pin_3.2x2.5mm,493.25,-123.25,-90,bottom
SW1,SW_Push,Kailh_socket_MX,95.25,-119.0625,0,bottom
SW2,SW_Push,Kailh_socket_MX,133.35,-119.0625,0,bottom
SW3,SW_Push,Kailh_socket_MX,152.4,-119.0625,0,bottom
SW4,SW_Push,Kailh_socket_MX,171.45,-119.0625,0,bottom
SW5,SW_Push,Kailh_socket_MX,190.5,-119.0625,0,bottom
SW6,SW_Push,Kailh_socket_MX,219.075,-119.0625,0,bottom
SW7,SW_Push,Kailh_socket_MX,238.125,-119.0625,0,bottom
SW8,SW_Push,Kailh_socket_MX,257.175,-119.0625,0,bottom
SW9,SW_Push,Kailh_socket_MX,276.225,-119.0625,0,bottom
SW10,SW_Push,Kailh_socket_MX,304.8,-119.0625,0,bottom
SW11,SW_Push,Kailh_socket_MX,323.85,-119.0625,0,bottom
SW12,SW_Push,Kailh_socket_MX,342.9,-119.0625,0,bottom
SW13,SW_Push,Kailh_socket_MX,361.95,-119.0625,0,bottom
SW14,SW_Push,Kailh_socket_MX,385.7625,-119.0625,0,bottom
SW15,SW_Push,Kailh_socket_MX,404.8125,-119.0625,0,bottom
SW16,SW_Push,Kailh_socket_MX,423.8625,-119.0625,0,bottom
SW17,SW_Push,Kailh_socket_MX,95.25,-147.6375,0,bottom
SW18,SW_Push,Kailh_socket_MX,114.3,-147.6375,0,bottom
SW19,SW_Push,Kailh_socket_MX,133.35,-147.6375,0,bottom
SW20,SW_Push,Kailh_socket_MX,152.4,-147.6375,0,bottom
SW21,SW_Push,Kailh_socket_MX,171.45,-147.6375,0,bottom
SW22,SW_Push,Kailh_socket_MX,190.5,-147.6375,0,bottom
SW23,SW_Push,Kailh_socket_MX,209.55,-147.6375,0,bottom
SW24,SW_Push,Kailh_socket_MX,228.6,-147.6375,0,bottom
SW25,SW_Push,Kailh_socket_MX,247.65,-147.6375,0,bottom
SW26,SW_Push,Kailh_socket_MX,266.7,-147.6375,0,bottom
SW27,SW_Push,Kailh_socket_MX,285.75,-147.6375,0,bottom
SW28,SW_Push,Kailh_socket_MX,304.8,-147.6375,0,bottom
SW29,SW_Push,Kailh_socket_MX,323.85,-147.6375,0,bottom
SW30,SW_Push,Kailh_socket_MX,352.425,-147.6375,0,bottom
SW31,SW_Push,Kailh_socket_MX,385.7625,-147.6375,0,bottom
SW32,SW_Push,Kailh_socket_MX,404.8125,-147.6375,0,bottom
SW33,SW_Push,Kailh_socket_MX,423.8625,-147.6375,0,bottom
SW34,SW_Push,Kailh_socket_MX,447.675,-147.6375,0,bottom
SW35,SW_Push,Kailh_socket_MX,466.725,-147.6375,0,bottom
SW36,SW_Push,Kailh_socket_MX,485.775,-147.6375,0,bottom
SW37,SW_Push,Kailh_socket_MX,504.825,-147.6375,0,bottom
SW38,SW_Push,Kailh_socket_MX,100.0125,-166.6875,0,bottom
SW39,SW_Push,Kailh_socket_MX,123.825,-166.6875,0,bottom
SW40,SW_Push,Kailh_socket_MX,142.875,-166.6875,0,bottom
SW41,SW_Push,Kailh_socket_MX,161.925,-166.6875,0,bottom
SW42,SW_Push,Kailh_socket_MX,180.975,-166.6875,0,bottom
SW43,SW_Push,Kailh_socket_MX,200.025,-166.6875,0,bottom
SW44,SW_Push,Kailh_socket_MX,219.075,-166.6875,0,bottom
SW45,SW_Push,Kailh_socket_MX,238.125,-166.6875,0,bottom
SW46,SW_Push,Kailh_socket_MX,257.175,-166.6875,0,bottom
SW47,SW_Push,Kailh_socket_MX,276.225,-166.6875,0,bottom
SW48,SW_Push,Kailh_socket_MX,295.275,-166.6875,0,bottom
SW49,SW_Push,Kailh_socket_MX,314.325,-166.6875,0,bottom
SW50,SW_Push,Kailh_socket_MX,333.375,-166.6875,0,bottom
SW51,SW_Push,Kailh_socket_MX,359.56875,-176.2125,0,bottom
SW52,SW_Push,Kailh_socket_MX,385.7625,-166.6875,0,bottom
SW53,SW_Push,Kailh_socket_MX,404.8125,-166.6875,0,bottom
SW54,SW_Push,Kailh_socket_MX,423.8625,-166.6875,0,bottom
SW55,SW_Push,Kailh_socket_MX,447.675,-166.6875,0,bottom
SW56,SW_Push,Kailh_socket_MX,466.725,-166.6875,0,bottom
SW57,SW_Push,Kailh_socket_MX,485.775,-166.6875,0,bottom
SW58,SW_Push,Kailh_socket_MX,504.825,-176.2125,0,bottom
SW59,SW_Push,Kailh_socket_MX,102.39375,-185.7375,0,bottom
SW60,SW_Push,Kailh_socket_MX,128.5875,-185.7375,0,bottom
SW61,SW_Push,Kailh_socket_MX,147.6375,-185.7375,0,bottom
SW62,SW_Push,Kailh_socket_MX,166.6875,-185.7375,0,bottom
SW63,SW_Push,Kailh_socket_MX,185.7375,-185.7375,0,bottom
SW64,SW_Push,Kailh_socket_MX,204.7875,-185.7375,0,bottom
SW65,SW_Push,Kailh_socket_MX,223.8375,-185.7375,0,bottom
SW66,SW_Push,Kailh_socket_MX,242.8875,-185.7375,0,bottom
SW67,SW_Push,Kailh_socket_MX,261.9375,-185.7375,0,bottom
SW68,SW_Push,Kailh_socket_MX,280.9875,-185.7375,0,bottom
SW69,SW_Push,Kailh_socket_MX,300.0375,-185.7375,0,bottom
SW70,SW_Push,Kailh_socket_MX,319.0875,-185.7375,0,bottom
SW71,SW_Push,Kailh_socket_MX,338.1375,-185.7375,0,bottom
SW72,SW_Push,Kailh_socket_MX,447.675,-185.7375,0,bottom
SW73,SW_Push,Kailh_socket_MX,466.725,-185.7375,0,bottom
SW74,SW_Push,Kailh_socket_MX,485.775,-185.7375,0,bottom
SW75,SW_Push,Kailh_socket_MX,97.63125,-204.7875,0,bottom
SW76,SW_Push,Kailh_socket_MX,119.0625,-204.7875,0,bottom
SW77,SW_Push,Kailh_socket_MX,138.1125,-204.7875,0,bottom
SW78,SW_Push,Kailh_socket_MX,157.1625,-204.7875,0,bottom
SW79,SW_Push,Kailh_socket_MX,176.2125,-204.7875,0,bottom
SW80,SW_Push,Kailh_socket_MX,195.2625,-204.7875,0,bottom
SW81,SW_Push,Kailh_socket_MX,214.3125,-204.7875,0,bottom
SW82,SW_Push,Kailh_socket_MX,233.3625,-204.7875,0,bottom
SW83,SW_Push,Kailh_socket_MX,252.4125,-204.7875,0,bottom
SW84,SW_Push,Kailh_socket_MX,271.4625,-204.7875,0,bottom
SW85,SW_Push,Kailh_socket_MX,290.5125,-204.7875,0,bottom
SW86,SW_Push,Kailh_socket_MX,309.5625,-204.7875,0,bottom
SW87,SW_Push,Kailh_socket_MX,345.28125,-204.7875,0,bottom
SW88,SW_Push,Kailh_socket_MX,404.8125,-204.7875,0,bottom
SW89,SW_Push,Kailh_socket_MX,447.675,-204.7875,0,bottom
SW90,SW_Push,Kailh_socket_MX,466.725,-204.7875,0,bottom
SW91,SW_Push,Kailh_socket_MX,485.775,-204.7875,0,bottom
SW92,SW_Push,Kailh_socket_MX,504.825,-214.3125,0,bottom
SW93,SW_Push,Kailh_socket_MX,95.25,-223.8375,0,bottom
SW94,SW_Push,Kailh_socket_MX,116.68125,-223.8375,0,bottom
SW95,SW_Push,Kailh_socket_MX,140.49375,-223.8375,0,bottom
SW96,SW_Push,Kailh_socket_MX,164.30625,-223.8375,0,bottom
SW97,SW_Push,Kailh_socket_MX,233.3625,-223.8375,0,bottom
SW98,SW_Push,Kailh_socket_MX,300.0375,-223.8375,0,bottom
SW99,SW_Push,Kailh_socket_MX,321.46875,-223.8375,0,bottom
SW100,SW_Push,Kailh_socket_MX,342.9,-223.8375,0,bottom
SW101,SW_Push,Kailh_socket_MX,361.95,-223.8375,0,bottom
SW102,SW_Push,Kailh_socket_MX,385.7625,-223.8375,0,bottom
SW103,SW_Push,Kailh_socket_MX,404.8125,-223.8375,0,bottom
SW104,SW_Push,Kailh_socket_MX,423.8625,-223.8375,0,bottom
SW105,SW_Push,Kailh_socket_MX,457.2,-223.8375,0,bottom
SW106,SW_Push,Kailh_socket_MX,485.775,-223.8375,0,bottom
